"IP","Date","Time","Accepted cookies","Device type","Browser language","Browser name","OS Name","Country","Region","RegionName","City","Zipcode","Lat","Lon"
"00.00.00.000",2023-04-26,"11:22:38 UTC","[""necessary""]","desktop","en","Chrome","Linux","India","GJ","Gujarat","Surat",395007,21.1888,72.8293
"00.00.00.000",2023-04-26,"11:57:52 UTC","[""necessary""]","desktop","en","Chrome","Linux","India","GJ","Gujarat","Surat",395007,21.1888,72.8293
"00.00.00.000",2023-04-26,"12:11:44 UTC","[""necessary""]","desktop","en","Chrome","Linux","India","GJ","Gujarat","Surat",395007,21.1888,72.8293
"00.00.00.000",2023-04-27,"12:50:29 UTC","[""necessary""]","desktop","en","Chrome","Linux","India","GJ","Gujarat","Surat",395007,21.1888,72.8293
"00.00.00.000",2023-04-28,"03:38:44 UTC","[""necessary""]","desktop","en","Chrome","Linux","India","GJ","Gujarat","Surat",395007,21.1888,72.8293
49.36.83.154,2023-05-01,05:06:37 UTC,["necessary"],desktop,en,Chrome,Linux,India,GJ,Gujarat,Surat,395007,21.1888,72.8293
49.36.83.154,2023-05-01,10:30:54 UTC,["necessary"],desktop,en,Chrome,Linux,India,GJ,Gujarat,Surat,395007,21.1888,72.8293
49.36.83.154,2023-05-01,11:34:59 UTC,["necessary"],desktop,en,Chrome,Linux,India,GJ,Gujarat,Surat,395007,21.1888,72.8293
49.36.83.154,2023-05-02,08:47:53 UTC,["necessary"],desktop,en,Chrome,Linux,India,GJ,Gujarat,Surat,395007,21.1888,72.8293
49.36.83.154,2023-05-04,04:03:08 UTC,["necessary"],desktop,en,Chrome,Linux,India,GJ,Gujarat,Surat,395007,21.1888,72.8293
49.36.83.154,2023-05-05,05:50:24 UTC,["necessary"],desktop,en,Chrome,Linux,India,GJ,Gujarat,Surat,395007,21.1888,72.8293
49.36.83.154,2023-05-08,09:02:58 UTC,["necessary"],desktop,en,Chrome,Linux,India,GJ,Gujarat,Surat,395007,21.1888,72.8293
49.36.83.154,2023-05-08,10:51:10 UTC,["necessary"],desktop,en,Chrome,Linux,India,GJ,Gujarat,Surat,395007,21.1888,72.8293
49.36.83.154,2023-05-09,05:33:48 UTC,["necessary"],desktop,en,Chrome,Linux,India,GJ,Gujarat,Surat,395007,21.1888,72.8293
49.36.83.154,2023-05-12,09:01:08 UTC,["necessary"],desktop,en,Chrome,Linux,India,GJ,Gujarat,Surat,395007,21.1888,72.8293
49.36.83.154,2023-05-16,07:05:35 UTC,["necessary"],desktop,en,Chrome,Linux,India,GJ,Gujarat,Surat,395007,21.1888,72.8293
49.36.83.154,2023-05-18,05:49:07 UTC,["necessary"],desktop,en,Chrome,Linux,India,GJ,Gujarat,Surat,395007,21.1888,72.8293
49.36.83.154,2023-05-18,12:42:11 UTC,["necessary"],desktop,en,Chrome,Linux,India,GJ,Gujarat,Surat,395007,21.1888,72.8293
49.36.83.154,2023-05-19,05:20:53 UTC,["necessary"],desktop,en,Chrome,Linux,India,GJ,Gujarat,Surat,395007,21.1888,72.8293
49.36.83.154,2023-05-22,04:19:12 UTC,["necessary"],desktop,en,Chrome,Linux,India,GJ,Gujarat,Surat,395007,21.1888,72.8293
49.36.83.154,2023-05-23,07:17:12 UTC,["necessary"],desktop,en,Chrome,Linux,India,GJ,Gujarat,Surat,395007,21.1888,72.8293
49.36.83.154,2023-05-24,03:42:10 UTC,["necessary"],desktop,en,Chrome,Linux,India,GJ,Gujarat,Surat,395007,21.1888,72.8293
49.36.83.154,2023-05-24,04:16:41 UTC,["necessary"],desktop,en,Chrome,Linux,India,GJ,Gujarat,Surat,395007,21.1888,72.8293
49.36.83.154,2023-05-25,08:40:21 UTC,["necessary"],desktop,en,Chrome,Linux,India,GJ,Gujarat,Surat,395007,21.1888,72.8293
49.36.83.154,2023-05-25,09:26:38 UTC,["necessary"],desktop,en,Chrome,Linux,India,GJ,Gujarat,Surat,395007,21.1888,72.8293
49.36.83.154,2023-05-26,05:39:49 UTC,["necessary"],desktop,en,Chrome,Linux,India,GJ,Gujarat,Surat,395007,21.1888,72.8293
49.36.83.154,2023-05-29,05:40:42 UTC,["necessary"],desktop,en,Chrome,Linux,India,GJ,Gujarat,Surat,395007,21.1888,72.8293
49.36.83.154,2023-05-30,04:18:02 UTC,["necessary"],desktop,en,Chrome,Linux,India,GJ,Gujarat,Surat,395007,21.1888,72.8293
49.36.83.154,2023-05-30,05:11:33 UTC,["necessary"],desktop,en,Chrome,Linux,India,GJ,Gujarat,Surat,395007,21.1888,72.8293
49.36.83.154,2023-05-30,12:13:58 UTC,["necessary"],desktop,en,Chrome,Linux,India,GJ,Gujarat,Surat,395007,21.1888,72.8293
49.36.83.154,2023-05-31,05:22:29 UTC,["necessary"],desktop,en,Chrome,Linux,India,GJ,Gujarat,Surat,395007,21.1888,72.8293
49.36.83.154,2023-06-05,03:31:00 UTC,["necessary"],desktop,en,Chrome,Linux,India,GJ,Gujarat,Surat,395007,21.1888,72.8293
49.36.83.154,2023-06-15,10:08:49 UTC,["necessary"],desktop,en,Chrome,Linux,India,GJ,Gujarat,Surat,395007,21.1888,72.8293
49.36.83.154,2023-06-20,04:55:38 UTC,["necessary"],desktop,en,Chrome,Linux,India,GJ,Gujarat,Surat,395007,21.1888,72.8293
49.36.83.154,2023-06-30,05:55:36 UTC,["necessary"],desktop,en,Chrome,Linux,India,GJ,Gujarat,Surat,395007,21.1888,72.8293
49.36.83.154,2023-07-03,04:09:59 UTC,["necessary"],desktop,en,Chrome,Linux,India,GJ,Gujarat,Surat,395007,21.1888,72.8293
49.36.83.154,2023-07-06,06:54:45 UTC,["necessary"],desktop,en,Chrome,Linux,India,GJ,Gujarat,Surat,395007,21.1888,72.8293
49.36.83.154,2023-07-06,09:22:48 UTC,["necessary"],desktop,en,Chrome,Linux,India,GJ,Gujarat,Surat,395007,21.1888,72.8293
49.36.83.154,2023-07-07,04:08:57 UTC,["necessary"],desktop,en,Chrome,Linux,India,GJ,Gujarat,Surat,395007,21.1888,72.8293
49.36.83.154,2023-07-07,12:22:35 UTC,["necessary"],desktop,en,Chrome,Linux,India,GJ,Gujarat,Surat,395007,21.1888,72.8293
49.36.83.154,2023-07-10,04:56:24 UTC,["necessary"],desktop,en,Chrome,Linux,India,GJ,Gujarat,Surat,395007,21.1888,72.8293
49.36.83.154,2023-07-10,05:34:51 UTC,["necessary"],desktop,en,Chrome,Linux,India,GJ,Gujarat,Surat,395007,21.1888,72.8293
49.36.83.154,2023-07-10,06:18:31 UTC,["necessary"],desktop,en,Chrome,Linux,India,GJ,Gujarat,Surat,395007,21.1888,72.8293
49.36.83.154,2023-07-10,06:31:45 UTC,["necessary"],desktop,en,Chrome,Linux,India,GJ,Gujarat,Surat,395007,21.1888,72.8293
49.36.83.154,2023-07-10,21:44:12 UTC,["necessary"],desktop,en,Chrome,Linux,India,GJ,Gujarat,Surat,395007,21.1888,72.8293
49.36.83.154,2023-07-28,17:07:14 UTC,["necessary"],desktop,en,Chrome,Linux,India,GJ,Gujarat,Vadodara,390002,22.3008,73.2043
49.36.83.154,2023-08-31,08:34:04 UTC,["necessary"],desktop,en,Chrome,Linux,India,GJ,Gujarat,Surat,395007,21.1888,72.8293
49.36.83.154,2023-10-30,04:04:11 UTC,["necessary"],desktop,en,Chrome,Linux,India,GJ,Gujarat,Surat,395007,21.1888,72.8293
49.36.83.154,2023-11-07,11:29:54 UTC,["necessary"],desktop,en,Chrome,Linux,India,GJ,Gujarat,Surat,395007,21.1888,72.8293
49.36.83.154,2023-11-08,11:42:43 UTC,["necessary"],desktop,en,Chrome,Linux,India,GJ,Gujarat,Surat,395007,21.1888,72.8293
49.36.83.154,2023-11-09,09:02:47 UTC,["necessary"],desktop,en,Chrome,Linux,India,GJ,Gujarat,Surat,395007,21.1888,72.8293
49.36.83.154,2023-11-09,10:09:42 UTC,["necessary"],desktop,en,Chrome,Linux,India,GJ,Gujarat,Surat,395007,21.1888,72.8293
49.36.83.154,2023-11-16,07:17:21 UTC,["necessary"],desktop,en,Chrome,Linux,India,GJ,Gujarat,Surat,395007,21.1888,72.8293
49.36.83.154,2023-11-17,03:09:04 UTC,["necessary"],desktop,en,Chrome,Linux,India,GJ,Gujarat,Surat,395007,21.1888,72.8293
49.36.83.154,2023-11-20,03:44:19 UTC,["necessary"],desktop,en,Chrome,Linux,India,GJ,Gujarat,Surat,395007,21.1888,72.8293
49.36.83.154,2023-11-20,10:37:02 UTC,["necessary"],desktop,en,Chrome,Linux,India,GJ,Gujarat,Surat,395007,21.1888,72.8293
49.36.83.154,2023-11-27,05:13:43 UTC,["necessary"],desktop,en,Chrome,Linux,India,GJ,Gujarat,Surat,395007,21.1888,72.8293
49.36.83.154,2023-11-28,11:45:25 UTC,["necessary"],desktop,en,Chrome,Linux,India,GJ,Gujarat,Surat,395007,21.1888,72.8293
49.36.83.154,2023-11-29,09:18:09 UTC,["necessary"],desktop,en,Chrome,Linux,India,GJ,Gujarat,Surat,395007,21.1888,72.8293
49.36.83.154,2023-12-01,04:54:34 UTC,["necessary"],desktop,en,Chrome,Linux,India,GJ,Gujarat,Surat,395007,21.1888,72.8293
49.36.83.154,2023-12-04,06:18:21 UTC,["necessary"],desktop,en,Chrome,Linux,India,GJ,Gujarat,Surat,394101,21.1888,72.8293
49.36.83.154,2023-12-04,09:42:48 UTC,["necessary"],desktop,en,Chrome,Linux,India,GJ,Gujarat,Surat,394101,21.1888,72.8293
49.36.83.154,2023-12-11,03:34:21 UTC,["necessary"],desktop,en,Chrome,Linux,India,GJ,Gujarat,Surat,394101,21.1888,72.8293
49.36.83.154,2023-12-11,12:15:08 UTC,["necessary"],desktop,en,Chrome,Linux,India,GJ,Gujarat,Surat,394101,21.1888,72.8293
49.36.83.154,2023-12-12,03:25:36 UTC,["necessary"],desktop,en,Chrome,Linux,India,GJ,Gujarat,Surat,394101,21.1888,72.8293
49.36.83.154,2023-12-12,05:24:02 UTC,["necessary"],desktop,en,Chrome,Linux,India,GJ,Gujarat,Surat,394101,21.1888,72.8293
49.36.83.154,2023-12-12,10:37:34 UTC,["necessary"],desktop,en,Chrome,Linux,India,GJ,Gujarat,Surat,394101,21.1888,72.8293
49.36.83.154,2023-12-12,10:39:13 UTC,["necessary"],desktop,en,Chrome,Linux,India,GJ,Gujarat,Surat,394101,21.1888,72.8293
49.36.83.154,2023-12-12,11:19:40 UTC,["necessary"],desktop,en,Chrome,Linux,India,GJ,Gujarat,Surat,394101,21.1888,72.8293
49.36.83.154,2023-12-14,04:00:56 UTC,["necessary"],desktop,en,Chrome,Linux,India,GJ,Gujarat,Surat,394101,21.1888,72.8293
49.36.83.154,2023-12-14,05:34:15 UTC,["necessary"],desktop,en,Chrome,Linux,India,GJ,Gujarat,Surat,394101,21.1888,72.8293
49.36.83.154,2023-12-14,14:11:19 UTC,["necessary"],desktop,en,Chrome,Linux,India,GJ,Gujarat,Surat,394101,21.1888,72.8293
49.36.83.154,2023-12-14,17:31:41 UTC,["necessary"],desktop,en,Chrome,Linux,India,GJ,Gujarat,Surat,394101,21.1888,72.8293
49.36.83.154,2023-12-15,09:08:15 UTC,["necessary"],desktop,en,Chrome,Linux,India,GJ,Gujarat,Surat,394101,21.1888,72.8293
49.36.83.154,2023-12-15,09:25:52 UTC,["necessary"],desktop,en,Chrome,Linux,India,GJ,Gujarat,Surat,394101,21.1888,72.8293
49.36.83.154,2023-12-15,11:17:37 UTC,["necessary"],desktop,en,Chrome,Linux,India,GJ,Gujarat,Surat,394101,21.1888,72.8293
49.36.83.154,2023-12-15,12:10:54 UTC,["necessary"],desktop,en,Chrome,Linux,India,GJ,Gujarat,Surat,394101,21.1888,72.8293
49.36.83.154,2023-12-15,14:59:52 UTC,["necessary"],desktop,en,Chrome,Linux,India,GJ,Gujarat,Surat,394101,21.1888,72.8293
49.36.83.154,2023-12-19,07:08:59 UTC,["necessary"],desktop,en,Chrome,Linux,India,GJ,Gujarat,Surat,394101,21.1888,72.8293
49.36.83.154,2023-12-20,08:50:55 UTC,["necessary"],desktop,en,Chrome,Linux,India,GJ,Gujarat,Surat,394101,21.1888,72.8293
49.36.83.154,2023-12-21,05:11:54 UTC,["necessary"],desktop,en,Chrome,Linux,India,GJ,Gujarat,Surat,394101,21.1888,72.8293
49.36.83.154,2023-12-26,06:54:51 UTC,["necessary"],desktop,en,Chrome,Linux,India,GJ,Gujarat,Surat,394101,21.1888,72.8293
49.36.83.154,2023-12-27,03:47:02 UTC,["necessary"],desktop,en,Chrome,Linux,India,GJ,Gujarat,Surat,394101,21.1888,72.8293
49.36.83.154,2023-12-29,08:43:53 UTC,["necessary"],desktop,en,Chrome,Linux,India,GJ,Gujarat,Surat,394101,21.1888,72.8293
49.36.83.154,2023-12-29,12:07:20 UTC,["necessary"],desktop,en,Chrome,Linux,India,GJ,Gujarat,Surat,394101,21.1888,72.8293
49.36.83.154,2024-01-01,09:23:28 UTC,["necessary"],desktop,en,Chrome,Linux,India,GJ,Gujarat,Surat,394101,21.1888,72.8293
49.36.83.154,2024-01-01,12:06:52 UTC,["necessary"],desktop,en,Chrome,Linux,India,GJ,Gujarat,Surat,394101,21.1888,72.8293
49.36.83.154,2024-01-02,03:41:18 UTC,["necessary"],desktop,en,Chrome,Linux,India,GJ,Gujarat,Surat,394101,21.1888,72.8293
49.36.83.154,2024-01-02,05:56:10 UTC,["necessary"],desktop,en,Chrome,Linux,India,GJ,Gujarat,Surat,394101,21.1888,72.8293
49.36.83.154,2024-01-03,03:23:23 UTC,["necessary"],desktop,en,Chrome,Linux,India,GJ,Gujarat,Surat,395007,21.1888,72.8293
49.36.83.154,2024-01-08,03:25:21 UTC,["necessary"],desktop,en,Chrome,Linux,India,GJ,Gujarat,Surat,395007,21.1888,72.8293
49.36.83.154,2024-01-10,06:37:27 UTC,["necessary"],desktop,en,Chrome,Linux,India,GJ,Gujarat,Surat,395007,21.1888,72.8293
49.36.83.154,2024-01-10,07:26:14 UTC,["necessary"],desktop,en,Chrome,Linux,India,GJ,Gujarat,Surat,395007,21.1888,72.8293
49.36.83.154,2024-01-11,03:40:52 UTC,["necessary"],desktop,en,Chrome,Linux,India,GJ,Gujarat,Surat,395007,21.1888,72.8293
49.36.83.154,2024-01-11,05:36:58 UTC,["necessary"],desktop,en,Chrome,Linux,India,GJ,Gujarat,Surat,395007,21.1888,72.8293
49.36.83.154,2024-01-11,10:27:35 UTC,["necessary"],desktop,en,Chrome,Linux,India,GJ,Gujarat,Surat,395007,21.1888,72.8293
49.36.83.154,2024-01-12,04:10:59 UTC,["necessary"],desktop,en,Chrome,Linux,India,GJ,Gujarat,Surat,395007,21.1888,72.8293
49.36.83.154,2024-01-12,06:16:55 UTC,["necessary"],desktop,en,Chrome,Linux,India,GJ,Gujarat,Surat,395007,21.1888,72.8293
49.36.83.154,2024-01-12,11:37:06 UTC,["necessary"],desktop,en,Chrome,Linux,India,GJ,Gujarat,Surat,395007,21.1888,72.8293
49.36.83.154,2024-01-16,03:34:03 UTC,["necessary"],desktop,en,Chrome,Linux,India,GJ,Gujarat,Surat,395007,21.1888,72.8293
49.36.83.154,2024-01-16,06:23:42 UTC,["necessary"],desktop,en,Chrome,Linux,India,GJ,Gujarat,Surat,395007,21.1888,72.8293
49.36.83.154,2024-01-17,04:13:31 UTC,["necessary"],desktop,en,Chrome,Linux,India,GJ,Gujarat,Surat,395007,21.1888,72.8293
49.36.83.154,2024-01-17,07:23:22 UTC,["necessary"],desktop,en,Chrome,Linux,India,GJ,Gujarat,Surat,395007,21.1888,72.8293
49.36.83.154,2024-01-18,10:02:57 UTC,["necessary"],desktop,en,Chrome,Linux,India,GJ,Gujarat,Surat,395007,21.1888,72.8293
49.36.83.154,2024-01-19,06:23:18 UTC,["necessary"],desktop,en,Chrome,Linux,India,GJ,Gujarat,Surat,395007,21.1888,72.8293
49.36.83.154,2024-01-19,12:42:37 UTC,["necessary"],desktop,en,Chrome,Linux,India,GJ,Gujarat,Surat,395007,21.1888,72.8293
49.36.83.154,2024-01-22,06:55:31 UTC,["necessary"],desktop,en,Chrome,Linux,India,GJ,Gujarat,Surat,395007,21.1888,72.8293
49.36.83.154,2024-01-24,08:47:53 UTC,["necessary"],desktop,en,Chrome,Windows,India,GJ,Gujarat,Surat,395007,21.1888,72.8293
49.36.83.154,2024-01-25,05:01:41 UTC,["necessary"],desktop,en,Chrome,Windows,India,GJ,Gujarat,Surat,395007,21.1888,72.8293
49.36.83.154,2024-01-25,05:42:45 UTC,["necessary"],desktop,en,Chrome,Windows,India,GJ,Gujarat,Surat,395007,21.1888,72.8293
49.36.83.154,2024-01-25,10:48:34 UTC,["necessary"],desktop,en,Chrome,Windows,India,GJ,Gujarat,Surat,395007,21.1888,72.8293
49.36.83.154,2024-01-25,11:51:11 UTC,["necessary"],desktop,en,Chrome,Windows,India,GJ,Gujarat,Surat,395007,21.1888,72.8293
49.36.83.154,2024-01-25,16:21:22 UTC,["necessary"],desktop,en,Chrome,Windows,India,GJ,Gujarat,Surat,395007,21.1888,72.8293
49.36.83.154,2024-01-26,11:32:33 UTC,["necessary"],desktop,en,Chrome,Windows,India,GJ,Gujarat,Surat,395007,21.1888,72.8293
49.36.83.154,2024-01-27,03:21:40 UTC,["necessary"],desktop,en,Chrome,Linux,India,GJ,Gujarat,Surat,395007,21.1888,72.8293
49.36.83.154,2024-01-27,03:36:05 UTC,["necessary"],desktop,en,Chrome,Linux,India,GJ,Gujarat,Surat,395007,21.1888,72.8293
49.36.83.154,2024-01-27,08:42:33 UTC,["necessary"],desktop,en,Chrome,Linux,India,GJ,Gujarat,Surat,395007,21.1888,72.8293
49.36.83.154,2024-01-27,08:55:27 UTC,["necessary"],desktop,en,Chrome,Linux,India,GJ,Gujarat,Surat,395007,21.1888,72.8293
49.36.83.154,2024-01-27,09:06:07 UTC,["necessary"],desktop,en,Chrome,Linux,India,GJ,Gujarat,Surat,395007,21.1888,72.8293
49.36.83.154,2024-01-29,04:21:46 UTC,["necessary"],desktop,en,Chrome,Linux,India,GJ,Gujarat,Surat,395007,21.1888,72.8293
49.36.83.154,2024-01-29,04:35:53 UTC,["necessary"],desktop,en,Chrome,Linux,India,GJ,Gujarat,Surat,395007,21.1888,72.8293
49.36.83.154,2024-01-29,04:37:54 UTC,["necessary"],desktop,en,Chrome,Linux,India,GJ,Gujarat,Surat,395007,21.1888,72.8293
49.36.83.154,2024-01-29,04:43:53 UTC,["necessary"],desktop,en,Chrome,Linux,India,GJ,Gujarat,Surat,395007,21.1888,72.8293
49.36.83.154,2024-01-29,05:54:02 UTC,["necessary"],desktop,en,Chrome,Linux,India,GJ,Gujarat,Surat,395007,21.1888,72.8293
49.36.83.154,2024-01-29,09:01:05 UTC,["necessary"],desktop,en,Chrome,Linux,India,GJ,Gujarat,Surat,395007,21.1888,72.8293
49.36.83.154,2024-01-29,11:40:12 UTC,["necessary"],desktop,en,Chrome,Linux,India,GJ,Gujarat,Surat,395007,21.1888,72.8293
49.36.83.154,2024-01-31,07:21:16 UTC,["necessary"],desktop,en,Chrome,Linux,India,GJ,Gujarat,Surat,395007,21.1888,72.8293
49.36.83.154,2024-01-31,08:39:40 UTC,["necessary"],desktop,en,Chrome,Linux,India,GJ,Gujarat,Surat,395007,21.1888,72.8293
49.36.83.154,2024-02-21,15:03:52 UTC,["necessary"],desktop,id,Chrome,OS X,India,GJ,Gujarat,Surat,395007,21.1888,72.8293
49.36.83.154,2024-02-22,00:53:12 UTC,["necessary"],desktop,id,Chrome,OS X,India,GJ,Gujarat,Surat,395007,21.1888,72.8293
49.36.83.154,2024-02-22,09:46:44 UTC,["necessary"],desktop,id,Chrome,Windows,India,GJ,Gujarat,Surat,395007,21.1888,72.8293
49.36.83.154,2024-02-22,21:55:45 UTC,["necessary"],mobile,id,Chrome,Android,India,GJ,Gujarat,Surat,395007,21.1888,72.8293
49.36.83.154,2024-02-22,22:18:07 UTC,["necessary"],desktop,en,Firefox,Windows,India,GJ,Gujarat,Surat,395007,21.1888,72.8293
49.36.83.154,2024-02-23,01:24:53 UTC,["necessary"],desktop,en,Chrome,Windows,India,GJ,Gujarat,Surat,395007,21.1888,72.8293
49.36.83.154,2024-02-24,03:28:33 UTC,["necessary"],desktop,en,Chrome,Windows,India,GJ,Gujarat,Surat,395007,21.1888,72.8293
49.36.83.154,2024-02-25,04:44:29 UTC,["necessary"],desktop,en,Chrome,Windows,India,GJ,Gujarat,Surat,395007,21.1888,72.8293
49.36.83.154,2024-02-26,09:17:29 UTC,["necessary"],desktop,id,Chrome,OS X,India,GJ,Gujarat,Surat,395007,21.1888,72.8293
49.36.83.154,2024-02-26,23:51:11 UTC,["necessary"],desktop,id,Chrome,OS X,India,GJ,Gujarat,Surat,395007,21.1888,72.8293
49.36.83.154,2024-02-27,00:42:28 UTC,["necessary"],desktop,en,Chrome,OS X,India,GJ,Gujarat,Surat,395007,21.1888,72.8293
49.36.83.154,2024-02-27,02:04:02 UTC,["necessary"],desktop,id,Chrome,Windows,India,GJ,Gujarat,Surat,395007,21.1888,72.8293
49.36.83.154,2024-02-27,04:41:02 UTC,["necessary"],desktop,id,Chrome,Windows,India,GJ,Gujarat,Surat,395007,21.1888,72.8293
